random_forest,elasticnet,gradient_boosting,lightgbm,actual,blended
856.3783487253489,472.74653324776955,863.8711623856169,826.6183793537804,799.0,805.2846783555995
860.3186988936988,478.6817457232082,868.5205274993364,889.0200222759612,849.0,834.3116858695732
825.5574086099087,467.19347082968306,815.8266413311022,809.2351828059947,899.0,782.8193144602171
971.4816595441599,484.18892269071875,974.9704664913687,965.3288451177972,899.0,900.801268892933
968.4556132756131,491.28043519024686,968.0004926896328,964.6717080680553,949.0,898.3668037481884
939.7264203389201,481.2927396226337,943.4397916002274,939.4807939312111,999.0,879.6717333197093
1068.9428018278022,487.0313518495168,1063.7689683835154,1096.984492769181,999.0,986.3385306177802
1198.1024050024052,569.0484339146642,1159.60615435543,1202.4525891912017,1049.0,1062.4594085126762
1154.446440596441,578.8870654567363,1111.424339031056,1172.324289068115,1099.0,1034.3153312352529
1206.7484006734005,492.50297396768656,1166.501436866977,1136.6922695036183,1099.0,1035.497978227414
1313.8169312169312,577.3094659050785,1292.1222090127783,1259.9007758353837,1199.0,1128.6254360955513
1268.228048340548,577.0103164968314,1257.6648171437823,1288.5783044950722,1299.0,1130.7094655943856
884.204475709476,472.27181204100634,898.1515666343487,877.2617264462207,799.0,838.2256305046578
813.8481565656566,484.51159477293004,833.0782052990638,813.848426103497,849.0,790.165802237882
813.8481565656566,484.51159477293004,833.0782052990638,813.848426103497,949.0,790.165802237882
989.6329221704224,491.20144370655,981.6086553180526,990.0417306949914,899.0,913.7722653370524
969.1974086099085,529.8816674804693,968.1628837878346,968.8024160666391,999.0,900.2435458145337
989.6329221704224,491.20144370655,981.6086553180526,990.0417306949914,1049.0,913.7722653370524
1079.7058201058205,494.0002597017228,1118.15489367026,1118.9749866938494,1099.0,1012.7919686839175
1213.0360449735447,578.7311962145486,1229.826474752351,1185.3729545397375,1199.0,1076.5045961574378
1155.3354677729685,578.9501774513774,1138.5902818675831,1155.0699540141852,1299.0,1035.0404462544054
1202.994288119288,507.2620435866611,1176.053540095562,1181.514022826193,1199.0,1058.2583330019681
1322.1574134199134,584.0228375126626,1329.6392729398508,1326.4115227297339,1299.0,1169.5792411505408
1286.9076719576717,577.2517339993115,1310.5990905848998,1297.8623174339398,1399.0,1151.0969964293863
888.946607744108,479.7893596289432,921.9149907368542,850.6461282942007,799.0,833.7641966268502
888.946607744108,479.7893596289432,921.9149907368542,850.6461282942007,849.0,833.7641966268502
828.5190055315056,524.2671509309766,842.8704187423468,834.2790369668309,949.0,802.21310111507
1001.0456265031269,505.7601197035983,978.861005037197,974.4043519913475,899.0,906.0115497477734
943.8391690716694,497.812639755135,947.347856441606,915.4710744713209,999.0,870.2555625634507
943.8391690716694,497.812639755135,947.347856441606,915.4710744713209,1049.0,870.2555625634507
1100.9986531986533,486.05405489623945,1077.6033567998024,1120.371039598796,1099.0,1000.936389263933
1230.4308201058202,569.8890730824935,1231.2200707936872,1203.1983045703873,1199.0,1084.8164509145615
1154.8648328523336,586.1487909458738,1138.5902818675831,1139.891784235877,1299.0,1028.3279460583826
1226.8461399711398,494.6936559406154,1190.4678336081456,1102.1664460431177,1199.0,1027.6007018760688
1299.4686147186148,592.3256153311486,1265.1172981720613,1282.3843062323588,1299.0,1130.2624478486057
1299.4686147186148,592.3256153311486,1265.1172981720613,1282.3843062323588,1399.0,1130.2624478486057
866.1235437710437,463.5853869676175,894.8644268264615,890.2617438289585,699.0,842.9637796742581
866.1235437710437,463.5853869676175,894.8644268264615,890.2617438289585,799.0,842.9637796742581
736.1116991341992,395.4540697225493,746.4628844784472,759.1088696540112,899.0,739.3159620988897
884.1410580111898,384.7009661621678,918.4471587809442,789.1882759540047,799.0,805.5179976630122
853.903394660895,422.5715298457344,863.7973483433457,825.4019541426258,899.0,804.7240139693424
807.0144227994228,406.00805165267775,831.3803879977805,775.9312188373893,999.0,772.8748102906725
1157.1375925925927,507.3988101417817,1177.5078121873626,1041.6759755566177,999.0,996.8626847218861
1157.1375925925927,507.3988101417817,1177.5078121873626,1041.6759755566177,1099.0,996.8626847218861
1075.757092352093,486.4075562601297,1058.4398540758145,1097.0271654130115,1199.0,984.7182553617133
1397.5729894179897,568.7434398329569,1283.8157410804754,1285.8157937683857,1099.0,1137.5313436205656
1435.0808802308802,521.147621299122,1241.7560077331964,1237.6909925424127,1199.0,1103.3114183448386
1318.0017195767193,529.8192197764456,1167.3167125679267,1144.696059794499,1399.0,1039.2883958223879
854.2200529100529,470.250063589061,848.1745566169309,840.7292252752314,699.0,806.697142374913
795.1580555555558,363.0003912159382,798.99446768935,740.6867086383538,799.0,747.3266595236596
739.1307142857142,399.9745991081036,754.4632107584574,805.0749316241953,899.0,762.1050831188847
894.0520057720058,406.5842607917002,931.8039281057873,890.8809411636478,799.0,854.5995952932799
851.600388407888,424.9394090038895,896.9525425994451,900.8891976578125,899.0,848.3060091019504
851.068974266474,484.25741477822885,854.3328814528029,867.7440837818795,999.0,820.5385812648171
1085.6679894179888,478.7057445564842,1129.2885891271703,1091.971989165527,999.0,1004.2745136948818
926.4944444444444,504.2110254403142,975.3769861271072,942.6158404421675,1099.0,890.881549187854
926.4944444444444,504.2110254403142,975.3769861271072,942.6158404421675,1199.0,890.881549187854
1325.6724146224155,523.6596953671178,1300.4551908116077,1311.701391690532,1099.0,1154.097190439634
1279.8206108706106,532.4332584723288,1257.284242994605,1306.8033158728117,1199.0,1138.6523640852674
1163.0611135161141,527.4924555950274,1157.8837259724548,1164.065237830973,1399.0,1044.9529267855305
866.3397558922559,399.2005384470067,864.9949400276439,886.2236353648568,699.0,831.990579933921
804.1307106782101,432.2007933055065,814.1317470862506,904.8600360567447,799.0,824.5877985192596
797.321871091871,446.45674106211845,783.7279273142881,862.9719127713277,899.0,796.7111909566122
1013.6926719576712,395.7830831527858,1070.906882797082,958.2324388210984,999.0,927.1713536742504
1037.6384836459836,444.0943991231743,1079.9607521183868,1029.2511596376148,1099.0,961.363990504326
1013.6926719576712,395.7830831527858,1070.906882797082,958.2324388210984,1199.0,927.1713536742504
1401.9703240740746,418.15506197885406,1369.622319016897,1273.5472416445084,1099.0,1158.4982922352494
1401.9703240740746,418.15506197885406,1369.622319016897,1273.5472416445084,1199.0,1158.4982922352494
1203.5138888888887,445.7320808373206,1152.20619732957,1137.0580516652342,1399.0,1031.262765893868
1015.1076010101006,392.851565128738,1084.1679278901718,1035.1015367589764,999.0,965.2453597255799
1001.3744708994705,348.0191030245546,1007.3339444018444,1113.871640382163,1099.0,976.4483445165213
1135.5923520923523,445.93967999594133,1187.423692374498,1094.9475173621875,999.0,1023.4718249392613
1084.5311772486768,390.45036310485557,1144.452783580417,1115.5414580850925,1099.0,1019.362295352355
1027.390696248196,428.9226654631293,1052.3650032146193,1012.0697135456439,1299.0,945.2775530372287
1094.8338708513713,444.23502669109985,1349.1113808075145,1129.549656351999,1099.0,1088.506966606278
1094.8338708513713,444.23502669109985,1349.1113808075145,1129.549656351999,1249.0,1088.506966606278
1089.9063756613755,408.5903786005051,1166.3185823267743,1061.48598276579,1399.0,1002.1819797912451
983.2452320827318,358.59707421973326,913.2771591044881,989.7580603774371,749.0,892.6291789595093
983.2452320827318,358.59707421973326,913.2771591044881,989.7580603774371,799.0,892.6291789595093
814.561385281385,398.06158844513266,785.1370876025785,847.4198846265019,899.0,790.2667873305595
610.2472653920152,556.6941681317257,717.9439243602226,321.6960001218107,599.0,537.0994698197485
574.2003690476191,580.6523411497383,583.7296159330984,805.4166890052126,749.0,709.7414044696072
453.7534444444442,530.0823666875053,419.0614925961324,1020.8790857210012,329.0,754.379823626017
358.3509113756613,561.3614396546327,316.8222061537969,942.5856172305574,429.0,688.3076638327318
509.4145833333337,453.78975892577,467.51421378694255,555.1370706029966,399.0,563.3100629745966
569.1177711640211,454.7621073107093,347.73582945304025,426.24872105622137,499.0,469.46773294494943
990.7334179894178,558.0557570763358,909.1612753744697,1171.403361387573,799.0,971.6952926260678
2752.379470418471,561.3306863582184,811.0542748915286,1300.3215358285613,899.0,998.532884849426
545.6428174603172,621.1497918174391,619.8531325103784,344.9335901959204,1099.0,517.205125138034
1285.3421865079367,714.5532705739643,1197.466200763605,1010.7271945965948,999.0,989.3145479354821
1191.289223665224,799.2820369225701,1149.791379514506,1139.815488489366,1099.0,1031.739476206257
1111.176973544974,738.7797804156071,1052.1743486229766,430.39883782497475,1299.0,687.9767054765794
1581.8419166666672,726.3694736571615,1691.5761566743759,1393.367328621932,1099.0,1310.516023873276
1581.8419166666672,726.3694736571615,1691.5761566743759,1393.367328621932,1199.0,1310.516023873276
1581.8419166666672,726.3694736571615,1691.5761566743759,1393.367328621932,1399.0,1310.516023873276
1600.0817433862437,751.2317204364972,1369.9595045934184,1403.24439277131,1599.0,1215.9601821643623
1330.314509379509,784.4350328594862,1319.6054364509475,1469.665840995106,1799.0,1229.8467934628175
1286.9906481481482,727.6698927370569,1300.0111295938582,1244.610464861604,1199.0,1124.289842816852
1269.2463323713323,756.9168850011265,1205.9539706048342,1182.5121778054902,1299.0,1067.8966401759676
896.9043518518519,644.9866764896906,978.225707767256,788.4648780142776,899.0,823.5849665151616
904.8772564472565,639.898671750123,893.3141474518036,879.7802064923145,999.0,837.8515109276923
800.800273929774,505.3592181844888,867.2733957861641,791.5034049465753,799.0,790.8016564526738
743.1127248677249,509.1933708530214,779.4981792253994,775.8680397878214,899.0,756.8887632987537
1214.495860990861,878.5809231054918,1247.8876289686814,1174.814961147748,1199.0,1077.390666399207
1175.4871693121693,683.2942166378598,1185.9250005315198,1145.0336841703513,1299.0,1045.1613096989938
855.0256613756615,650.6027068116346,736.5326873193138,766.5444335195511,899.0,739.5499541645484
855.0256613756615,650.6027068116346,736.5326873193138,766.5444335195511,999.0,739.5499541645484
828.3727513227509,520.3345574631958,876.3521664541513,813.823273219285,799.0,803.4650306140411
828.3329290524292,513.3047031510741,816.6404588092975,861.3046627183904,899.0,806.0972029922123
1233.4428571428575,706.7035130499596,1232.3197715025021,1146.7021136024318,1099.0,1060.1694290883702
1233.4428571428575,706.7035130499596,1232.3197715025021,1146.7021136024318,1199.0,1060.1694290883702
829.4955424482922,568.1122877428243,746.4990085895677,862.1412616996066,799.0,784.8928405524364
829.4955424482922,568.1122877428243,746.4990085895677,862.1412616996066,899.0,784.8928405524364
769.3863352573353,504.0595405374079,801.2684887135235,783.5721921608492,699.0,766.9920874892266
769.3863352573353,504.0595405374079,801.2684887135235,783.5721921608492,799.0,766.9920874892266
1794.0373424723418,862.8253319330433,1917.4651368925126,1974.7730960131519,1799.0,1637.1206867537096
1771.626404521404,773.6182927885875,1804.6713372879692,1806.927987151012,1899.0,1528.198188740598
1007.0806096681099,592.4171696758149,1026.0860667125148,963.8508374242542,999.0,915.8699345907103
965.1307442279942,605.136669749445,1001.3506248690584,950.125710456102,1099.0,902.1918268950769
1753.486272246272,875.2535486138186,1877.1905141002524,1852.4895458350395,1799.0,1570.6533468928212
1758.8406373256375,823.6336164837182,1808.9456955636522,1793.2247911401546,1899.0,1523.4527129397266
1003.6730820105824,607.3592764351397,1043.913565608246,1000.0424394614929,999.0,937.3590051139249
974.5315105014809,570.0575026845472,1005.8566355167671,1001.2270191659018,1099.0,926.1772019416121
377.88813227513253,397.00799401164113,418.1426001561535,340.8069356054801,399.0,453.3373128466332
362.4132397232396,668.0339715968857,364.87715230372703,316.22260759952957,449.0,426.08139967502376
292.0772423312554,720.3758263385644,345.6690057039736,278.0410290173416,349.0,403.2876036586497
292.0772423312554,720.3758263385644,345.6690057039736,278.0410290173416,399.0,403.2876036586497
348.1454960317462,397.047351819303,327.768092442387,327.4699800694668,299.0,419.64138566120096
315.3532142857143,672.2725526659378,291.91961871328266,300.0539921382395,349.0,396.49035149825323
239.0762454101455,237.14921464115832,235.17765575339112,249.10344231529115,249.0,356.50473723123173
227.5220027570954,669.3610594735292,235.43309792097656,213.5034512448393,299.0,340.8393174084481
215.9715873907378,715.6947344568271,205.84782731806004,252.1040273837109,199.0,348.81036861234566
215.9715873907378,715.6947344568271,205.84782731806004,252.1040273837109,249.0,348.81036861234566
417.20961231361207,725.3169722003895,376.3568100435922,642.163542449706,349.0,573.7587556010733
386.2573571428569,704.216768788463,374.55356623943425,425.86711686791887,399.0,477.5476603323298
343.22724024864016,773.9648620108073,344.9515464176354,507.4413225829642,299.0,504.5185189272667
327.6565280090281,811.6883869931378,301.25783406632206,492.4171556650835,349.0,484.43466537108094
277.53893578643573,918.6470269496904,280.39327788636245,425.48432800609584,249.0,448.41623133475076
260.3931397306397,786.9727483365587,247.16414399696814,244.92090514434733,299.0,358.3418674995
232.08259785683146,759.2601541738738,236.47810427276946,218.05299330118712,199.0,343.17276538619217
215.9715873907378,715.6947344568271,205.84782731806004,252.1040273837109,249.0,348.81036861234566
412.6435476190477,722.4137676881942,405.0387774846818,656.3418355489669,349.0,588.8511604300706
376.1385173160174,683.3826657433838,389.73797756773564,485.35634638192164,399.0,508.52706707429917
369.5710925925924,371.54694136718535,358.29445431207563,386.8147454063304,299.0,455.2758328844107
308.8389550264549,710.9890177739871,312.03290345534657,344.8756410639362,349.0,422.49910423628285
282.8522999407999,833.8923033694682,290.4802967297628,464.4878051756525,249.0,468.768002043731
276.0542436267436,190.85971376666566,267.13737076113875,276.44525766581546,299.0,378.426851157442
1207.6681125356124,885.4350138791378,1371.4458603197224,1244.9968710804471,1299.0,1146.4328672661454
1090.6117632275134,675.2135561395189,1233.6429115155627,1168.0461898596002,1399.0,1070.0157588920313
970.2218080808085,641.1254794674296,1020.9852135396711,935.2314384993768,999.0,901.644153230018
895.6855285204996,587.3447929415743,983.6484567918083,948.9074884849681,1099.0,896.2081788019902
809.1134853294851,886.0230395132203,957.8501560053594,927.0501313865302,1099.0,878.6066988807734
809.1134853294851,886.0230395132203,957.8501560053594,927.0501313865302,1199.0,878.6066988807734
573.647784992785,533.9512938719345,552.57533291489,422.87629574005246,949.0,530.9815191488753
573.647784992785,533.9512938719345,552.57533291489,422.87629574005246,899.0,530.9815191488753
495.1728665528914,820.7577693513485,490.7729906941406,418.6465595788855,499.0,510.10155634556713
208.48240106771962,528.8676826351584,298.04521990072783,269.0364921727165,249.0,384.65708814132034
185.02482006412347,356.2688521779528,173.29052440149778,164.3408388835511,199.0,299.9832749717045
180.1599248066748,637.9563972472115,166.25335811832102,244.3760738966183,179.0,333.2141027792175
203.05192914490556,575.6587442083401,344.4850014526055,367.5572243024879,169.0,442.51169328152304
175.35202622034475,535.7182148749416,228.2805652473467,229.1096314132723,129.0,345.54110359123626
379.6241851851853,663.6480552452795,439.74639161635963,368.9827362346151,399.0,472.4429440790238
210.25169852805155,371.3495787375432,241.04669032346513,264.4643819010563,299.0,365.1032844440293
271.7376274760099,437.41211912765357,242.79830535151802,240.1356001529197,249.0,354.882721176386
1450.423552188552,746.7082480381614,1412.4027797681158,1341.190460933226,1499.0,1201.5718633182003
1547.0025348725349,716.7824993935578,1475.9482188172706,1353.9994256590849,1399.0,1226.782111950569
1494.9945859788356,2067.4957153591185,802.8529184539452,1420.5668718194427,1199.0,1049.1884240034929
967.6083047138047,1742.8181655119624,891.958937550704,1417.0496014195153,999.0,1075.0404541257756
6677.3392033429545,1862.6165748609928,517.1483048411709,1069.9735417592037,799.0,806.2615753405073
346.3566456062456,1945.41570540656,335.3144889369082,1124.4171356054073,549.0,774.410028327424
4901.225165343915,2067.720133800094,812.2508051782928,1420.5668718194427,1099.0,1052.0790579681075
618.512568422318,607.3483083214305,638.2851311067146,821.193070959016,899.0,733.4988331334068
482.4068965201465,1802.709833632778,396.12387829640414,1144.5743220992833,699.0,802.0284425928173
470.60387138787144,1632.1755164563347,375.4308326425606,-1861.601109245851,229.0,-533.8084896922778
336.4420455747957,1338.707682712114,273.03443309048396,556.0629646862387,179.0,503.90078441466153
1369.4932766955271,1847.3309701613434,686.2495288021017,1166.126177480278,199.0,900.7975206018496
780.1663055185555,1324.5703825617038,263.5606626939907,1149.6645734284264,149.0,763.5053462663072
395.08116426166436,1317.309718903476,254.85116191855337,109.09815584997709,549.0,300.63906190406726
513.800946007696,2034.405084050486,717.0665046111566,326.60897584336436,649.0,539.0023388900909
294.5878955026454,1391.4678410866927,479.427596956207,147.71005171613973,499.0,386.7910411491917
265.9989153439152,203.05335117524373,190.84324684169508,332.8925318909564,129.0,379.9236832432239
628.0687365319864,1362.9344939367438,230.6665410733404,915.9250760631218,99.0,650.0170667114437
724.2500860990863,624.2615630714572,702.7738768648898,720.8904278870338,799.0,708.9759569495345
745.5292818261365,847.1942091307392,793.5977659089203,799.3999705326826,699.0,771.6324881317519
785.5849338624334,583.6241257384754,811.6228756082503,836.6901152826132,699.0,793.6681676877224
802.374081048581,616.5330928652675,793.409867605564,780.7102635747426,599.0,763.3092267195902
686.2537746512745,873.4948330256047,563.759887272096,612.1874967395005,499.0,618.1440149515104
499.12054232804223,568.6802908482096,540.7075538326853,494.6409106240757,399.0,559.0688736210275
459.72656445406443,644.3588544556151,345.5361472534842,495.8791645369566,299.0,499.585002620169
405.3666825396824,636.1194711826865,432.0549392180229,447.42392850935045,249.0,504.7675637035092
1623.0715574795565,1170.8664145421426,1574.5774079678422,1750.112029896348,1099.0,1432.2984281248073
779.7521885521885,637.7100279817187,779.2032390919012,727.5831653800761,899.0,735.4442032923864
761.1563627819554,609.928877753714,745.9247972532286,760.1968763268499,749.0,739.6316230974228
745.8091254279489,594.9799111533812,818.2165671595279,714.2110022863894,699.0,741.53025629884
651.3582271595508,576.5954837472636,631.7570954836634,657.3312631210435,599.0,659.0235232240991
832.9626825396823,467.7038349055438,938.8505598316706,850.4093076293815,899.0,838.868563342787
390.80261828814463,637.1329964670276,391.2184642170537,490.7913504634644,399.0,511.3860544959754
410.46266354016365,577.6232381908303,416.9148934497925,418.7977047377472,349.0,487.450875068997
204.5770717832892,766.1180404851677,236.2439031172275,108.4042049486262,199.0,294.6088802403407
249.87983313664895,712.160141800643,202.2414818572188,282.2539004183382,179.0,361.0348077989973
736.9810052910054,610.1040503979657,702.4811256366097,744.2835929944731,749.0,719.2314688453835
749.8973148148146,644.3730902645566,676.048825204912,804.047729141551,649.0,737.5318424656746
711.8751537814038,883.8358365227687,743.4062611544841,753.7614623794108,599.0,736.0109206236832
768.3656613756613,598.0361269428904,767.5971234754371,803.7508170469727,749.0,765.5592709538428
633.2729082182578,638.6730252051748,675.2087661426475,647.4326622053392,599.0,668.0109092273213
869.2882599807601,657.5134650189666,855.030316525114,894.5051175205965,749.0,832.5880878620073
640.0135354242706,594.8389050319383,663.6977779764268,602.8195082754816,699.0,644.7402864183431
313.03880291005294,406.25750762439566,340.7465533742764,282.1303627402967,249.0,403.5820346382005
423.80048689273684,547.9984424651288,405.7821382306245,452.5511642758399,299.0,498.9539908969572
324.7724539920426,642.4794252123754,312.8238155418124,335.5079597419457,349.0,418.5995466142825
372.1952496392493,577.038604669965,458.64878257115635,444.6384754570789,299.0,511.7155302154585
429.2157142857143,637.0100233654666,447.5527639928573,490.2527618180866,399.0,528.4753608184758
249.87983313664895,712.160141800643,202.2414818572188,282.2539004183382,179.0,361.0348077989973
322.0092396464753,679.8077486687482,292.9856360033073,268.27210799685065,299.0,382.7627975005198
858.377524882525,648.9125660195477,827.3899329808448,894.8390011769282,649.0,824.2340237241301
360.76961285627965,651.6637217799328,305.7972527570378,322.9227506605207,599.0,410.8725214510614
884.1718194805193,632.7257616180905,883.3749994629541,653.002631712186,799.0,734.5026896859952
447.98814550264547,528.051751741461,421.9150984162846,445.20970426856263,649.0,500.6694829309652
570.1939600769603,731.4040587174545,524.9322576802786,648.971789802854,849.0,622.4690241818948
704.9722724867722,874.6446424533933,628.4120233497435,702.1664625127171,799.0,677.8228674160962
689.5824738095239,707.3207881122926,816.8608201253379,708.6622811471453,599.0,738.6593456835619
802.7278310185187,647.4458210504399,895.8806123973067,875.0887590047578,799.0,836.5661343230151
396.9253654738505,591.8590168115588,322.79300872376655,326.92796979024035,599.0,417.8714300636216
797.177221981722,494.70243122622014,875.6343291140423,839.5497454416136,599.0,814.6216911718213
590.1130998076,589.2633358829371,519.0316971594967,574.2401317683493,299.0,587.6042574167607
757.3680233100231,884.6835336640397,731.9607047607872,801.0266209441511,899.0,753.3933324918958
711.8751537814038,883.8358365227687,743.4062611544841,753.7614623794108,799.0,736.0109206236832
714.8405390109114,637.406845478291,812.6495833148166,840.7668250765512,899.0,795.7868786518222
925.8407927741702,607.0165353698194,952.5239411181703,933.530016133091,849.0,879.8341532410777
646.7867003607503,558.1017454632747,712.2301253384511,732.2710766509477,799.0,716.9175999029062
947.1841542857136,694.1518558213411,910.025675754482,910.9803544441509,899.0,856.7898717770925
779.6404021999443,579.7358427731426,847.610890617676,830.0342649342675,849.0,801.7939538407718
611.5194689754686,602.6994058567288,645.3876508396505,526.4347017404478,499.0,605.3274429627804
611.0750245310242,593.1524392375759,637.8558262018997,523.2656737664578,549.0,601.6092855770664
2023.525098605098,2001.7205968112612,1041.2215181513977,1496.8919312333458,799.0,1156.2611779697504
1168.167063492064,671.7410923283196,1136.2224391726304,1438.5297838258844,999.0,1159.6713992270818
930.0642215536316,638.3371222928545,978.8487506085551,1005.6883853006309,1099.0,919.843050668939
917.3996508465614,471.32002651191215,930.6810432255969,1049.4293900184662,1199.0,924.371791929027
917.3996508465614,471.32002651191215,930.6810432255969,1049.4293900184662,1299.0,924.371791929027
702.1758910533912,317.4587134742028,640.972173446196,781.169715548884,949.0,716.6251135106304
611.3690676513027,561.2907328750734,475.85236081979247,555.4567410258169,449.0,566.0161118888628
751.1968690476189,576.06769479576,623.066195166013,784.0191134537226,399.0,712.3776695085223
505.77092378917365,566.9900752477952,424.85839779944996,458.4263369612975,349.0,507.41980925222896
520.3822860255217,571.6776900466084,579.6954590555648,564.2691937697125,299.0,601.8538061292218
657.4299546530466,532.5823925153991,661.5562189519546,721.3215563102282,599.0,696.4887547869951
772.4460244227994,533.6227527410119,646.0948835168165,724.5037286895382,549.0,693.1404108625798
1093.32563994709,1183.893611897125,1178.0049622332087,1192.395976836522,699.0,1063.6710696805605
574.8330144300141,512.2418648955963,506.88108531551245,452.05026976072463,249.0,529.828829817493
263.6434156550809,464.69135695761724,248.95422610144215,188.2296299104999,219.0,333.8209200980311
436.37576587301584,717.2668760381675,498.3919210421121,441.6119409763563,299.0,522.6013841049067
217.9309642857143,439.0347543831417,200.09433883455796,242.93249594189408,149.0,342.98460870087774
172.54027447089945,425.9606509431778,178.65239501624364,166.89443606634333,199.0,302.7618180911106
241.6583779195714,493.9721627868239,245.75482305536886,267.5721540311178,249.0,367.9258308550475
240.2744374699375,328.6169359369451,212.15432353230054,204.82811122085187,199.0,329.84250961855537
236.57291913179424,554.82717283895,236.10442500900518,339.8650527914805,179.0,396.9288468929396
153.53639562289564,310.39315367365634,125.7901344571399,70.6627109158057,139.0,243.9440715040419
192.987919006669,495.235277222313,206.21531655712374,207.2122291047089,179.0,329.0701386569395
419.7939475709474,559.3748283454952,410.1007133905055,400.35681103761993,399.0,477.19951629495677
399.9021073833575,586.1290613667952,381.05244611842676,409.0015195494188,429.0,472.0878479311483
679.7226914770414,685.8521700610902,682.5514038857624,684.8668358168692,399.0,686.8245340570177
679.7226914770414,685.8521700610902,682.5514038857624,684.8668358168692,429.0,686.8245340570177
168.15187992592402,782.2835548155763,151.6828603936294,140.2024027636494,159.0,282.6619649889026
188.59665188295824,266.04370533965994,174.06417158329475,198.48269662972632,179.0,315.3203704946177
316.29657187257186,656.8262799807144,279.3137238443831,322.061687481027,249.0,402.345824930894
309.53743145743147,660.8377417025004,294.8292927590874,346.57363551690275,269.0,417.9584921112076
172.1529719841824,804.4642291310943,136.59584270111776,112.79753455993037,149.0,265.9017277578739
172.1529719841824,804.4642291310943,136.59584270111776,112.79753455993037,169.0,265.9017277578739
327.0872195767195,460.02511478456654,328.38815148642453,326.54309763900187,299.0,419.42219454788653
351.54969583145896,663.1798060290166,321.8168521192232,356.3507934714943,319.0,430.5833362826302
524.5928923668924,644.2911475389574,432.64891255081307,526.7273607809523,499.0,540.0219658165859
524.5928923668924,644.2911475389574,432.64891255081307,526.7273607809523,549.0,540.0219658165859
184.34752420149852,765.5201903545913,171.7369128240819,186.49636852756996,199.0,309.30362656997784
166.92149659599662,777.6379031571505,147.71474583794227,126.74324060181446,169.0,275.4891645986165
237.39766762866765,508.38085809923905,222.66256036704408,160.9144047464555,249.0,313.6539634770572
362.1498590946092,499.9765979202184,271.7969438211474,241.95557656350496,299.0,364.6071001579119
651.5222736892739,480.0047175064974,623.8691272629475,811.6944441869077,349.0,724.8639703510951
235.88518927368926,478.5831502067904,200.275001950145,213.7354637112719,299.0,330.1278774825877
545.165849206349,533.7684920550091,445.5193420302805,518.4162867404629,299.0,540.3051486521448
545.165849206349,533.7684920550091,445.5193420302805,518.4162867404629,349.0,540.3051486521448
411.94060570692903,574.5648186919607,371.63367115947324,407.79902877315993,239.0,468.6589911423835
231.8084255651756,687.5899896956362,199.62686320386462,196.00235391203225,179.0,322.0861059823814
903.1003071188071,595.7625328591475,956.0625941598868,936.497740808944,899.0,882.2350515432945
822.6244985569987,863.2678115398558,889.908020558315,851.7871850902312,999.0,824.4240128267918
513.8917391774888,587.2900143213701,518.7109849383811,524.6342221381681,499.0,565.5675464672927
539.6216659451659,546.4721861530725,502.1110026737679,516.8925801070721,549.0,557.0379494213882
378.37129675879675,586.6648113589363,380.90103295982857,363.5304222200087,349.0,451.9318189385554
372.5489502164501,586.828264720167,346.1825363402842,394.3323614292234,399.0,454.8750511628369
261.2497663338839,686.8487412115046,250.46170695219067,292.2877272610985,229.0,380.3039785661135
267.92821853010815,662.2422763966588,290.8845056056636,293.71598315869164,179.0,393.3690023696063
435.33426258926244,630.8019941667517,429.24258343687234,405.0563040839667,399.0,485.1655745394053
414.30382756132747,633.4576737819534,433.22295986086186,404.9640242321305,449.0,486.3490617702117
703.1647988286223,617.5061044050053,755.6045376123733,656.9751511173143,749.0,696.9594512595731
682.7556216931216,615.6592281176179,698.3712134934271,628.4778498833624,799.0,666.7525845007642
306.82045502645497,405.70303835700906,208.49246935772285,267.81406052504747,269.0,356.57153178423215
364.784066137566,597.7261490071185,339.1160683649678,381.03686086428263,319.0,446.8216275408293
711.9643877973878,683.1494638864642,898.174433015676,629.7775284096426,899.0,728.7835173131248
661.2543135013133,694.2434891444791,820.2936758293362,591.4623969419407,949.0,687.8839367994665
694.9908228927935,556.3116140134189,702.1011779510426,704.7476211275638,599.0,701.6299379131833
658.1554436304435,598.4868749395953,680.7102604490649,668.7401264134454,649.0,679.1262398875592
609.8052755022759,588.283944654766,633.4719293346825,608.7538422408845,699.0,638.0677585333269
609.8052755022759,588.283944654766,633.4719293346825,608.7538422408845,749.0,638.0677585333269
640.2591627196337,566.2081411302643,638.3869609957154,553.2583333676291,599.0,615.036817842838
557.7585221260223,641.625410822513,591.7095793616273,481.48015827653114,649.0,568.9359467412305
1093.674208633959,882.3552221772552,1163.9100612041957,1136.6445226708997,1099.0,1034.6797981927705
1020.7597150192402,664.4614145384712,1036.3039757610052,1040.3250173783872,1199.0,952.8332712091715
375.0047254310019,630.2259305815751,391.0275282959802,484.4667440848937,399.0,508.5302875179508
363.56178551078557,639.5169810508514,374.65469404631875,395.20845027112415,449.0,464.0200619456544
400.3454456469457,613.6247067077366,403.34364878668015,456.90108301333515,299.0,500.1276905732839
386.1124531024531,621.2792980495797,398.4352891326277,484.6100613088941,349.0,510.872173406561
505.29587303219637,577.8326085587778,514.0192117695474,472.467280360992,499.0,541.0537609152543
509.1054706589708,563.276710641745,502.59285786660104,492.70735498731665,549.0,546.4903165942844
1020.8078232804238,618.0633761875076,1038.2303092521622,1024.182361717143,899.0,946.2867382230299
1020.8078232804238,618.0633761875076,1038.2303092521622,1024.182361717143,999.0,946.2867382230299
199.51906170681173,642.5990538496153,184.81916522455526,191.8615103237966,199.0,315.7002281768341
229.98095902002484,687.7282303380707,210.61156807008638,205.93192164300726,179.0,329.85614050435447
389.48395621045637,1737.5470975307417,401.0797565449474,1224.6035480056387,329.0,838.9454743210235
556.3136512746514,1876.1830255700843,443.2009924879724,1062.0759767455247,399.0,780.0239349721644
390.9765413660413,390.15833945496706,301.74602357602316,368.601595543893,279.0,429.8277631524794
358.64109788359787,1871.5016987159925,402.5108504974737,1166.286649792917,349.0,813.5951812215342
529.6543232323235,1898.8954644573373,419.2165404036065,2528.7367640189373,449.0,1421.2730629239225
446.7237976190477,1809.327227111602,372.6356627050917,1507.9698226370062,499.0,955.514430772143
509.86751274651294,1999.8301799174162,414.61293434922663,1062.0759767455247,349.0,771.2307228105258
488.67650360750355,610.7770869402557,433.4227372141511,510.7092465482618,399.0,533.1760183193962
550.7429343434346,1905.2507199581923,434.238799561599,1339.8285143335884,449.0,900.1025423517067
1701.287687830687,723.7042540651837,1644.467142561926,1879.46935718465,1399.0,1511.0032415801688
847.1028424723423,848.3176895124197,1061.5635981917349,942.8121302990642,999.0,917.4779290837716
932.7953517316014,647.7458960827917,909.812928643236,949.3587080380516,1299.0,873.6971464081746
673.2656633147558,669.4124549764304,737.846955196511,697.9440339529872,1099.0,709.615879581236
502.0956392311395,646.9754280050784,488.549761461423,93.21455832346474,499.0,365.4963985449083
462.3890873015875,623.776564940641,473.4955684010207,279.57387422451677,499.0,443.2828288109302
1127.9685629148632,649.2308878846889,1052.160508494497,1012.0539747425776,799.0,945.2076934170545
615.0261830868209,558.9262912185989,522.7357695721671,778.3888128764348,699.0,679.0277123472108
530.5242602212603,630.1243948525134,548.6841072868225,536.344371923167,449.0,579.9655601143675
530.5242602212603,630.1243948525134,548.6841072868225,536.344371923167,449.0,579.9655601143675
669.0562312480549,560.6863461419089,693.0402413188735,591.6780067482076,749.0,648.8382453654087
455.4611363636364,582.4571262662103,480.8980590663395,525.1334918664779,599.0,554.1577186551543
455.4611363636364,582.4571262662103,480.8980590663395,525.1334918664779,499.0,554.1577186551543
660.5082281144781,587.2373664810129,716.9521710776331,612.3655909212157,699.0,665.3421802914224
562.6798135660634,596.7391912692083,612.5936429101706,1045.6439112830003,599.0,824.8592707478579
635.8988790283788,523.6669974413871,788.4518328005853,704.5509348053541,699.0,728.1029821067964
446.4685173160174,588.6880927143902,538.762754412826,484.56220739484394,499.0,554.0134092364171
326.5920546803729,698.6250214912216,372.10182001857817,371.4562969788864,399.0,452.7305215032411
397.20759259259256,752.2449693275623,399.03226308188346,403.8886772783575,449.0,475.35700198420005
408.7661049043551,622.8199533336792,470.0875202502789,375.40575880340936,499.0,484.6159341502527
345.4455633903135,690.0710747189205,393.5886585320731,347.9834913361174,399.0,448.95873827548013
376.70637962962974,646.3077137101209,420.28030659982886,342.65350880667927,449.0,454.8114773420485
413.1462478632477,652.0462325595545,478.60404933064325,397.20299422013545,499.0,496.87523931400233
470.18252734738,545.756200109834,513.1835482339425,481.6878358656511,449.0,544.8744877815578
470.18252734738,545.756200109834,513.1835482339425,481.6878358656511,499.0,544.8744877815578
464.7040211640214,637.9883905860261,572.5865700955818,557.3467793355039,699.0,596.6058127998526
627.0238620731119,511.7886428171241,649.2576525737506,-1629.9322039856434,799.0,-347.129024450033
569.2463924501424,557.8484334133366,541.3605808456498,508.6407154469404,499.0,565.461105709111
542.6119098124096,540.6351821475182,497.3519474442239,495.4206458757334,549.0,546.0782443217975
499.2628551078551,534.4052746896687,527.4134408378922,463.253631979133,599.0,541.0988950065763
632.5056725589226,423.5851696822756,666.8834600408309,504.103348960033,699.0,602.0632230846536
536.4649357778732,546.6471212724964,567.2291213947453,501.8546092883189,549.0,570.4167042447255
486.23454029304014,520.9686868809822,512.7285957685833,472.7819043009237,599.0,540.7959303523719
4489.9875551948035,2075.0472617344694,534.3461186988137,1062.0759767455247,699.0,808.0586629128154
836.9174894179893,1092.6621607533234,769.1388160860113,659.9718722849627,799.0,702.4476616430129
1287.3987493987488,1825.0576345172103,823.6655646225283,1496.8919312333458,899.0,1089.3445777892648
1331.618352573352,1519.018761034009,873.7926119467196,1496.8919312333458,999.0,1104.7628255072068
10676.94945146705,1996.95708192635,8602.55327714667,1124.4171356054073,499.0,3317.275454962713
3135.236806517556,1895.631308327753,536.9837542437654,1062.0759767455247,599.0,808.8699558253761
1177.937738095239,675.2564670494382,1214.352204575047,1259.9314247504244,1199.0,1104.718227994992
1120.3989555074559,1185.6007060351367,1226.3314385140557,1202.1278963176246,1299.0,1082.839403920954
896.3973189033186,628.9197385254156,903.31497871776,901.7895624632779,1099.0,850.661172487178
905.3552456349206,606.0843917329803,1000.6687824874598,1019.7813123960293,1199.0,932.7870851576236
1072.1140867003364,690.6056067975751,1136.1504920583182,1145.5673248216876,999.0,1030.087498062231
1085.934774170274,607.2004145084084,1168.022450480078,1168.1434540480159,1099.0,1049.8750090819956
928.6647171176045,599.2174632108399,964.6811578307156,1015.742349140034,899.0,919.9316697355737
894.4425995544418,508.95076103705605,869.0399460432611,868.3465083830829,999.0,825.3286506945155
982.449783802309,649.3528655599039,923.3654670006309,977.940946830609,899.0,890.5060918880683
901.1046364814812,669.7013571940606,924.2462910564183,952.3107081935196,999.0,879.4421223539762
839.939947089947,566.9171028127821,818.6981289470602,840.3913914870924,799.0,797.4812765086397
782.5641095478595,558.3396173756155,776.580799186047,874.5535836664516,899.0,799.6348122965289
738.9984455266957,559.7453395395967,784.1735501614237,822.6206943398174,999.0,779.0030514616526
1200.806840548341,871.9308287574422,1300.8849922834265,1550.0597871288896,1099.0,1259.6426778396583
504.328947696627,551.850448568513,512.6715546411834,486.1321993543872,499.0,546.6825135133795
527.5279321049318,564.4816989259707,473.81468700320437,507.83290685054646,549.0,544.3278589945755
636.644751341251,723.4500203594343,1063.8385856424654,696.5802561115811,599.0,809.2823674284657
707.9210547402598,894.8743666281066,582.0249703029659,552.1531829402078,699.0,597.212055564368
446.3760366863409,550.2656535973179,501.69927746307434,503.14050985702863,449.0,550.8294976364209
508.62681950456937,737.6634496997194,511.453141541131,509.1990875366285,499.0,556.5090121876874
589.2562655122653,910.4510695931785,567.3520987474823,446.41829578771376,599.0,545.937986166952
654.0302791005295,805.9336766464912,676.5768218322795,619.8877215314898,649.0,656.250032806357
355.4770649350649,572.5446130099408,386.1851671600458,381.52605060869655,399.0,461.51564375049685
375.1358974266473,690.7297405033314,409.8864031786737,379.92201511827506,449.0,468.0963706434398
534.974357041107,729.1957919694069,590.1638677266361,491.45960557136107,549.0,572.8738922228008
798.74718975469,738.2899595116378,857.1573278896892,776.9370804337518,599.0,781.2482084233079
344.6509538239537,576.7852673142097,383.1594564613002,344.02757837855364,349.0,444.001398152884
432.22924425963896,718.1968556512845,407.14190021347576,480.04674189224113,399.0,511.53206809147133
459.35315009065,735.1594186540333,481.7056965808347,516.8447497859502,499.0,550.7404631503
341.7078620689653,581.0929169061401,330.2658364896435,322.269051176453,349.0,418.10955502087154
470.84156505531513,748.9720547962061,312.4057253457554,499.0621165823979,399.0,490.80228578395923
525.9882760017761,553.4226965465191,489.7667807893197,462.81819618966693,449.0,529.326837081841
484.4427798220296,746.3290307691259,499.7216497382322,501.4215883023279,499.0,549.4610242567732
713.556905122655,741.0106454105189,788.6570581705172,842.1893198823955,599.0,789.036270233936
324.4420044011543,587.2423250421907,309.51385367859154,317.34567568743597,299.0,409.5492414748508
375.44208008657984,743.009013882689,307.092915323318,403.0263119034344,349.0,446.6966061701745
438.0876938431937,582.8551566966489,427.4405679901005,449.25274550994254,399.0,504.15704855557976
485.0202553846841,705.8154825585734,503.6183127203648,494.5915481381832,449.0,547.6390082727086
520.495907744108,744.215228768131,537.6722336715542,507.41331253267595,599.0,563.7838160713341
390.7768029100528,602.7858943897663,324.4442900958155,284.30766559887917,299.0,399.53063472680293
390.7768029100528,602.7858943897663,324.4442900958155,284.30766559887917,349.0,399.53063472680293
485.27072750025945,737.7224873092346,450.81257150033014,507.4063015572657,499.0,537.0641251536414
381.0935720298221,586.9870230722154,387.96225499663404,369.11392827423873,249.0,456.57302248635347
441.55504795574797,750.1302510905989,414.3656500551329,401.31511099716647,299.0,478.93514531243613
458.69175661375647,757.330385672627,473.98576930563144,487.066539227351,499.0,535.1966170889633
233.50986038786064,471.74875976073963,192.9742106333043,210.8944273724578,199.0,326.62583543139345
285.6495462962963,561.7446483580043,282.7950459106149,376.42588482344684,229.0,427.4590255186787
250.3917706349206,585.4715580875854,267.21844068498115,316.07579363901283,249.0,395.97827294431266
238.9702836682839,473.02569988829737,200.67085486225272,232.32613143836383,219.0,338.471302476967
214.82101174948238,476.12827293809005,219.77593307863643,276.09872212040614,199.0,363.7060047513401
232.15364035964032,504.2533414282025,233.46708355787763,298.5430250765076,189.0,377.8431012502093
194.774035867727,541.52414008716,223.57601172107994,250.71677605909883,219.0,353.64975612170565
197.80660734635728,488.5968263585564,171.08035050908072,134.9258538284414,179.0,286.29477298943897
225.56101214526197,391.4198092355591,225.6765938656749,138.83040383485087,169.0,304.8144467887977
261.67648677248667,392.6234040120753,250.02095773465896,221.88155490238307,149.0,349.0314922379059
163.73273304473307,433.95536781473857,164.09741525756058,179.46777485415092,139.0,303.8454693895743
178.4015036075036,494.26191053594084,171.7615348824798,153.47889343842857,129.0,294.7093202829403
240.53522838613645,390.7359955691918,199.91492384106942,213.82522750894316,199.0,330.05682120412234
280.9683128026295,510.0937942746714,229.11800130216045,279.3007064962842,229.0,367.9955378867055
269.887753908893,567.1121618159468,303.8377580187605,314.813823695818,199.0,406.6836646930439
566.3070173160173,739.600374400612,455.7745893810314,474.1462744957794,229.0,523.8812119832213
222.7395098533188,478.4299852481545,203.39507735544043,196.27517570074892,199.0,323.36580072853405
229.66213041386965,574.2562116598565,266.1161785393073,318.8652362959578,229.0,396.8728580778673
419.754626066526,580.5666817908768,276.6885558979798,427.3892182186029,249.0,448.11915234447866
207.09672798797286,508.13303500931033,205.48934680701424,215.18172637540755,199.0,332.37132874806315
244.36252266976183,580.6404816674494,267.5175896314301,348.94906970612044,229.0,410.6083942320094
339.89111905686906,572.6993879311322,382.2658135330314,337.86752726567323,299.0,441.0022642375705
400.34645983645964,748.0458777358253,375.5898651953166,418.7496002479726,329.0,474.71870824892324
371.5558611111109,575.8858111845348,394.5742820500749,409.1916861885743,279.0,476.3310408476279
371.5558611111109,575.8858111845348,394.5742820500749,409.1916861885743,299.0,476.3310408476279
202.4421880388674,480.3860907594394,173.13517809444372,165.19736054665674,199.0,300.31428717037306
322.1015426887926,586.5073986945445,324.959079801956,327.67127939929975,279.0,418.86640402534914
312.6959864117364,587.2959747050409,337.66659913010875,327.02927018651,299.0,422.49109938910783
328.9020288004623,566.1566438127356,375.3043791847468,344.18357498154245,259.0,441.65429579711207
446.2126628799668,682.3510470948859,382.9201184354999,451.0043318725051,299.0,491.2379310808124
585.4670143843191,704.1500254581915,431.94432431421353,585.066309042491,279.0,565.6054715834653
1191.3996416546415,742.7732337584653,1003.9193833696094,1099.5711239540108,470.0,969.0737215935205
1229.8408985088986,909.4408557111874,1124.006750994252,1132.1900009586618,500.0,1020.4362034048706
329.9496730676733,576.886841276777,334.3498549404675,313.7981132986413,380.0,415.6194843621692
547.8582064314825,727.9206311557027,554.2993634594252,628.6303929524765,400.0,622.5059365379627
488.30023544973557,905.6824566495161,392.1334872967437,379.25962910002363,420.0,462.3429301559799
333.9456006986839,558.4317865155483,312.0995989720897,303.6112086130139,360.0,404.27054681492723
344.9890434730328,564.4681841450201,324.33253315993056,314.53169021188864,380.0,412.8627446522405
532.5138217893218,719.4591136459603,381.733274263822,437.51066463638,340.0,484.90534352952193
401.6697187109188,708.7731830731846,362.34782365077615,387.8595578817069,360.0,456.9846472055779
327.40530657823996,551.9817058046337,321.7249258557485,306.55164758617383,320.0,408.53153794021887
302.22411373893,546.1322496869761,310.75523530924323,326.9664973539458,340.0,414.185849471378
198.0068725717595,470.5580759310742,192.9200923023106,194.93864898273935,270.0,319.5527942519917
216.5173004475397,550.1198277407293,245.12681602586002,237.29638369918277,290.0,354.3432974234478
265.41338616557744,564.9112080890081,273.4061968977741,297.3569022532912,250.0,389.6031503084439
259.1597234313768,553.6799727825705,319.18503751078146,328.8245747579967,270.0,417.600445881219
226.6143978151478,484.386448559022,204.90662417554063,221.10138895070867,220.0,334.810046010914
252.97078473117304,562.2315468401612,262.9632006348214,239.21560243054887,240.0,360.6782420148508
321.6309046422131,562.8544787946576,279.9236334941646,246.2832972224901,300.0,369.0206565295573
616.5322866791158,724.8071491773144,639.7758377087769,779.1556960366079,320.0,715.3664463886741
393.97820238095215,719.5441112641965,375.88341247338167,383.3078382264773,360.0,459.1349852493682
542.9655410052908,874.4999252026737,453.36428358390134,537.579686475187,380.0,551.1930786858766
312.1165428640963,559.6273104950651,329.12269213026974,328.6189725902275,250.0,420.5661765471175
473.2348481240982,714.8375488704696,694.4099317916632,446.34312328173786,270.0,584.9856218127859
519.2391955054748,722.3472982469082,418.8752955722299,642.6778017534672,340.0,587.0641656414625
509.0062592451119,783.7127797092471,532.9194973446091,445.4722714461001,360.0,534.9287130724134
277.46333523965126,471.44076453947673,247.39109147896573,267.44785712951165,200.0,368.37414992933435
288.2384755715418,553.4331643783298,291.0935259450227,298.08797405649,220.0,395.3667934572022
317.2884615765498,562.0527146306595,148.68409799261568,255.88421627467824,270.0,332.89953154275645
581.8322959383748,723.6021209515641,420.79458285977523,717.4705402477805,290.0,620.7313714943255
299.25094312169296,562.6546742593619,280.94960442988196,327.0728092691974,240.0,405.0651482713406
288.0268339845341,573.0617674285677,273.3330901454147,319.2046544947904,260.0,399.2427669806979
187.25939963469486,480.31094161974215,200.48011286979371,201.2531089373599,180.0,324.6706821250879
194.02369459059463,486.0199509271697,211.9630979464996,214.0798065208487,160.0,333.875226382817
290.4866514448515,571.9287706788673,293.4809707540773,314.8731981368092,210.0,403.52434700760836
289.75657638287635,565.9077354402398,284.7563494770465,338.6811248058705,230.0,411.36978269406296
226.6143978151478,484.386448559022,204.90662417554063,221.10138895070867,160.0,334.810046010914
252.97078473117304,562.2315468401612,262.9632006348214,239.21560243054887,180.0,360.6782420148508
166.44271019721026,406.38151641632976,176.22724798216836,184.97044436585972,130.0,310.0099437338833
218.37947497936938,475.83750807057095,202.17808362938942,212.6813993560868,170.0,330.2470770095933
242.56207852332864,564.517663262186,301.84068247950387,274.14934962173135,190.0,388.08565534863453
210.8634639275715,478.64775715221367,199.76128869460717,197.4919143932327,160.0,322.78620670052345
247.3345799606711,568.5298973860845,245.8250157955435,254.5611354861617,180.0,362.193336933154
201.56321828403077,475.8623523916485,180.7619771528765,189.64457425420645,150.0,313.47187112233763
236.3768998917748,481.3312318340468,237.38506782617128,261.903511438338,170.0,362.84449283750973
320.15578265052187,563.3236316728999,318.9462833875251,345.41585882186644,190.0,424.86445483895966
220.81068922558916,488.26467773879995,204.38547850591965,212.29710986333373,210.0,330.75608415494185
207.90168977241882,479.0190883254854,190.24010739690482,214.1246387005196,220.0,327.2134219584613
230.76170282821758,560.2459686213244,301.63648270117784,300.47801800461184,240.0,399.66662174596433
205.83907863915644,478.5853247153955,206.34426153174437,211.4967016053355,170.0,331.00459514204476
429.60887910052907,571.8024203626701,368.85077426624434,486.4759631486451,440.0,502.59765720417306
999.7231998556998,721.4469341401982,916.2474959203184,960.952736142173,500.0,880.8037367563195
285.97091194252585,558.9201068958391,280.1330132299502,257.16176230852227,330.0,373.89602691447095
502.7015061327565,718.71762316471,440.9574481242267,471.469963993838,380.0,518.1401149601708
312.7663800469682,564.476938656393,311.67772992741635,304.09670414786734,350.0,404.35549584769745
562.7486439014202,723.6351983008317,463.17443235908127,481.2122321545886,400.0,529.2821795009488
247.86172592222584,518.8236063769491,279.1426731136839,221.7465813943266,200.0,357.929156878373
299.0173020683021,623.9861117765438,261.3741717846616,435.9719031379212,230.0,447.2043687287243
377.6058128908129,669.9853006673547,362.8035526030498,307.87863458470576,280.0,421.753497711765
437.59429545454543,729.7446269199334,402.92340675071074,504.1848294820731,320.0,520.9095265780711
2474.5609056036556,539.9751657854667,266.0771289945893,1300.3215358285613,190.0,830.9069606310456
259.32500553150555,637.0222285384564,219.71373008001743,570.0160416135794,210.0,493.67092776401597
1083.0669179894176,537.577788011813,558.1897777061569,1200.346815091477,310.0,876.54244142874
334.39216582491576,657.7919516546492,271.4098572888261,78.17024388983255,350.0,292.0544651704562
1195.7170952380952,466.0222708827423,201.81753977779113,1300.3215358285613,160.0,811.1417776073961
238.10547751322747,572.3587916833312,183.64929863799514,145.39502955888713,180.0,294.79073446692576
216.3504942279942,534.6526215279664,200.01170102648288,226.64923520533037,200.0,335.7579673151123
281.93102910052903,659.5978703505898,230.46365425884352,295.68092291157467,220.0,375.65354012687817
630.3548680393682,551.4803710894985,201.903150639866,1050.180964401069,210.0,700.5441903880935
257.84289550264543,640.1156527467956,235.77264791948954,443.61766683712557,230.0,442.7110810696042
875.8687307483356,726.3433717086718,823.6105613947407,871.0703120509098,799.0,812.5599200678696
911.8069807864359,795.9662583579557,955.1030411830285,929.5291164138594,899.0,878.858055674933
831.5447194652668,881.2594657094432,874.009904106489,847.0416194363467,999.0,817.4353038733352
900.6492893217891,677.380536955774,788.7703650898083,1025.3308687651356,699.0,870.0649238928793
793.2034003126502,890.5381896119188,743.9758302763057,629.1206353368351,799.0,681.0640775948577
867.1141943241945,732.5279165929951,874.9219565388651,858.4006295239451,634.99,822.7393243062672
867.1141943241945,732.5279165929951,874.9219565388651,858.4006295239451,790.77,822.7393243062672
677.2191743554594,687.0701188730309,693.9234714590146,706.3355092922441,899.0,699.8168499271897
533.3231142333854,726.632912405174,543.8213654795715,495.37361367623345,599.0,560.3506661324442
519.5916413900915,679.1389560102725,493.26851135380264,472.2773273432692,699.0,534.5871837459613
875.1778067989417,734.5277979545515,950.2292651150862,890.9132463787546,799.0,860.2812100072547
842.6882700447702,737.4861409743153,861.965463725203,862.8572215275782,899.0,820.725036663192
885.0665037794611,725.5105296391648,770.2545384705805,790.4727249047429,699.0,760.5044511535577
778.8695918374216,725.3192790943353,691.6506978970336,772.99918513381,799.0,728.5995937958701
489.9928060654163,565.6211731380679,413.98537051792596,433.81529380737544,374.9,493.1912862989499
601.6420160138593,730.0049144214681,504.0594369026055,566.1098515664087,399.0,579.4034465736377
619.4425549242425,879.5418937530067,559.0077171723286,579.1702971031893,429.0,602.0805685028904
314.4652235449734,559.6002871239039,280.3209445682371,283.7904004985962,349.0,385.73026708465085
572.7564143121693,732.7241889782545,606.0917738364028,513.9805868431683,379.0,587.7328883824239
244.48121572871565,475.09261531874836,193.29459278904633,199.61196245155799,299.0,321.7347432921473
298.19409581698494,557.0850151575996,323.7362490897507,235.68702004942045,329.0,377.810517965591
264.6892632867002,475.21052039307324,238.66855162794482,267.9072384987197,279.0,365.8944014899494
296.0874983771819,559.6899132224644,296.9056235621943,331.6175488927527,309.0,411.98285241684334
234.7477459241538,386.9445618651025,215.28587313219262,211.4106462441119,249.0,333.7168287259145
288.7095548163708,468.77467166760107,267.2562746106355,252.11075486847704,279.0,367.7015629150987
172.22519648869647,396.7552149128969,170.52268717415083,174.72554444093015,199.0,303.72453916138204
187.25939963469486,480.31094161974215,200.48011286979371,201.2531089373599,229.0,324.6706821250879
441.77855039802785,570.6146162617183,360.4216736586737,412.32678986882183,499.0,467.2127556194862
864.9431996151997,746.3841416674477,878.5430946899202,885.4022766387315,549.0,835.7945239871335
847.8695025252526,909.5543900798839,921.1466870393758,886.1759457273428,599.0,849.2408346745692
184.6066792847676,411.32688872286235,187.78640148479911,189.71148715099767,199.0,315.66205947971446
224.28823561089453,480.29250790772403,223.8263086664552,212.20240574813667,229.0,336.69387820994757
228.43955791245781,510.5044255810608,264.79880048818876,255.7622399992167,249.0,368.5605430454287
111.67518278018282,330.2655152623647,117.84776890395514,93.4081036940089,149.0,251.5602136309428
185.08364385614385,399.12461801375593,132.3045505273784,161.30567626310443,199.0,286.03437812533633
214.32525820530225,421.2606207308345,189.96193298762452,145.15861704315623,179.0,296.627843283838
176.28045266770266,377.1153186249958,117.95595009306055,312.34744015898593,149.0,348.4187552097617
204.0293356214935,412.57901672631124,196.63279336284498,115.69750553933089,219.0,285.6506007455229
382.0904034391534,508.9519150775395,288.0466940127986,334.58034200912294,249.0,410.5682791291569
344.707407185407,511.1551345752814,290.9500401732026,224.42732298498083,429.0,362.74645695211933
383.1012288359787,560.8212623414822,407.86217358557343,372.1785654204115,479.0,464.0492337469321
1106.46443963444,493.54587427865135,1206.358069304247,1076.5430597436955,299.0,1021.156408653108
490.04749817620643,554.5900695504206,500.41574487639394,494.78819591632515,499.0,546.7409184538892
464.30287806637807,710.3315144923297,462.3772403309021,485.15638071374525,549.0,530.7812643711552
533.4635952047952,555.2572112732869,505.8870289988642,538.604512231615,549.0,567.8014294974635
623.8960384800381,716.1689493405793,1010.4353936410101,670.771353068976,599.0,781.4425217949547
733.6885428090428,566.3555990302466,862.4178745781967,918.1782218023028,999.0,845.3297376730918
738.4868549470899,726.7652291996092,881.0792544919475,953.1407016638021,1099.0,866.5317205495057
497.706734126984,558.0368674021029,497.3220000863708,569.0872903988286,299.0,578.6478862609817
576.9251114718616,712.6685614183716,660.4365764108525,605.7518568890257,349.0,645.034017353679
166.42187736312744,402.1971984736174,168.1630337736073,119.37657549531986,199.0,278.52083294035606
200.41288555105024,477.022878256716,212.1371275056827,221.24869694592175,249.0,337.09917533938506
848.5328258778259,481.2255465651506,785.7378835252324,1027.9280961043917,299.0,870.2807989226744
858.7246512746511,559.1103647839955,851.6111975939522,1044.1649462479013,349.0,897.7230353468772
341.65384141369475,474.49787787454443,354.6618938912816,378.80140560804807,399.0,450.61464203151263
504.3792617845115,552.3429761556854,484.9635150131194,485.25537683106324,449.0,537.7722082996374
185.8439712602213,418.02580003619005,183.12351039526615,180.44643791391437,199.0,310.1303912589346
227.94700122401952,495.7245809671567,233.08966478605936,215.08460202011966,229.0,340.8177754759973
198.87675661375664,428.92113850169517,262.95923496071106,271.489661864285,249.0,374.95012851231735
229.94325026063254,499.06731733559354,307.94655877057085,257.59496177513483,279.0,382.6425930254338
112.6591293891294,371.48426296213074,173.79100188802602,92.04646806046296,149.0,268.16524423017137
193.19531373854903,413.642748574237,205.01730511735852,139.920499690868,179.0,298.9420841176836
557.265636964887,565.5529904950827,446.32095006924067,578.1929675722997,320.0,566.9877683224852
329.19209701779704,575.2707774692644,329.8838241272302,348.0764202276592,370.0,429.4052861482247
514.5683093592568,562.6848016112453,470.3159500113843,539.0335482113884,300.0,557.050095910224
630.0883971308318,718.1055115247163,488.5752876227834,548.6396788766342,350.0,566.9146476407493
334.77998583453586,554.1872758864847,336.5203862251218,329.14368248101596,400.0,423.0736358394248
466.51519889369877,713.1483905107225,440.4616082211934,439.14045995958156,450.0,503.6899763544695
307.4984775132274,558.7885782130579,312.95591528659486,298.3346911903665,270.0,402.2004114482192
285.7462878103378,558.5470087400154,278.8813612366866,281.5453244549685,320.0,384.2945969802658
232.06372174122157,387.9162548324307,167.88202476312776,206.2061375606439,200.0,316.83451340344385
279.97741590508275,565.8483777381371,258.7013152798855,264.87895237015675,250.0,370.71689658874413
309.7917986045029,474.746024946573,262.78646342932745,241.58176066386463,250.0,361.67030698701285
278.30164177859945,552.4741898312964,364.4786327328582,340.95976697538947,300.0,436.89875643046
529.841319713499,551.2924680053789,516.8533914491366,474.9701465401183,450.0,543.0323926244791
474.3083973501806,714.973930409793,483.9252840811987,367.291644115449,500.0,485.28375766059264
687.42560978836,720.2559916951523,934.988308834063,736.7071605807612,1199.0,787.396164523811
676.5789197931704,556.868443040812,609.0117142020729,806.2259517508102,999.0,717.8756522788617
457.8833432940516,557.525640418291,432.2563666340002,450.7820678337342,320.0,506.31464650735956
435.5408791887125,709.7933994975483,425.1498878276098,449.5653804466911,370.0,503.59073522557026
516.6227395508976,545.3935474532068,561.7079575257362,497.3298302053473,300.0,566.7174158635743
523.1427843915345,712.4838730910642,626.5067497057901,498.20849503437324,350.0,587.0370356618039
221.78754361841857,383.22946971662304,209.95303545770554,205.64600651225823,150.0,329.5271416919278
213.3151969823548,387.2802891395859,205.31641548526858,219.29578687814126,180.0,334.13756889865897
433.8480726033226,555.1052634848438,455.2980700084548,443.85074132473846,450.0,510.3365335839142
477.37599999999975,723.7293241735351,476.3845752242543,452.8542280788018,500.0,520.8041576749306
549.3960064102565,725.1338354872223,561.1009835771611,633.3615838289903,1499.0,626.6903570058821
227.92878141303134,475.7135396287799,213.9041083386789,214.20599104763042,300.0,334.5280536910197
316.60685395931216,559.5197076367397,285.2273453941846,341.7687560589695,350.0,412.8801489088049
549.3960064102565,725.1338354872223,561.1009835771611,633.3615838289903,1499.0,626.6903570058821
476.37610071255915,558.0489538492275,546.7421129815662,524.5720625898833,699.0,574.1619663014501
489.86466726791707,683.9788987942266,604.5474221824335,481.1566508622597,749.0,572.741583916096
421.9645595238094,483.25082061198736,329.2616565477796,329.20029368684595,499.0,420.8660072119391
557.2984769859772,550.3654319229663,614.6866620374844,467.52012437478004,549.0,569.8295327375415
303.5798552910053,522.0421176758828,277.568876896899,270.1362589433812,399.0,378.84527347765
439.2738738576239,568.2429677591299,488.0459450686057,537.2591812807037,449.0,561.7188396275976
245.99001268638764,388.2277798981181,269.17893112483887,220.65745446552594,349.0,354.3828120994431
279.1257741779061,485.49447624597815,343.4671001452032,312.91576649661596,399.0,418.0335824189614
213.06228864980346,469.2061862497503,256.13823951446716,197.47912886135595,299.0,340.1211666308247
253.47524603174602,473.9572808396042,285.53486424652533,274.4910760506389,279.0,383.2213838052745
143.01868037518034,447.18955999689933,205.7575397708592,135.51358242215645,199.0,297.22082202649074
132.81564959114957,411.664517417521,199.62495016440587,136.3928877122987,179.0,295.7234093910805
215.43115019240022,466.19373346339853,256.71872882411054,224.9705392836072,199.0,352.4577095567468
175.21474933594675,405.2999363359504,244.97246336821553,234.1880261154341,249.0,352.9211592617399
503.6334478835981,580.4833272288688,547.3796206358246,466.1786139578441,699.0,548.5337250350092
754.1834735449735,564.2234275934443,725.8726308034458,737.5169398867121,899.0,723.433775466314
670.1792976190477,584.1261737838049,814.4302697031317,743.3869584875171,1299.0,753.2686334313728
520.420003126503,583.1052885452846,501.6879973506448,485.82208050631624,799.0,543.167004469334
1088.3834960317463,628.3714063847092,1170.5406804222098,1362.1560980402276,2699.0,1136.4510864479034
493.3700693010691,576.8945132304762,499.1520352343832,472.04224988653516,499.0,536.2928957310776
597.5838686868688,581.5797951114582,549.4809525706931,593.0498653175347,599.0,605.288491380082
521.0333549382716,582.4060582287202,596.1278065379183,551.9441239116729,649.0,601.4573981726492
1192.965731721982,598.2525455865007,1759.6843250430186,1339.4953993850759,2499.0,1307.640266355317
968.1721879509382,567.1129255756575,1017.8092097801994,950.3281678004561,999.0,907.3437505793372
846.2053241462245,595.1722451974565,782.5211330663625,882.2426425874552,1199.0,804.8624237115046
523.152637158466,574.4529143719046,530.1513458359185,512.844005508329,499.0,563.8722235379958
561.2329272486774,587.101448319856,501.87374551014335,613.8868220119645,599.0,599.8603864891838
541.1383962962966,573.923872319554,481.96259095644155,526.877173028133,399.0,555.2562887742868
785.9720238095241,581.3600110404805,701.4586460217981,811.9736927284183,999.0,748.852715276091
895.6526719576719,583.0597811607768,903.0278467753104,875.974543125118,1099.0,839.1562403619819
466.4653409331406,585.5574831835293,564.9349474567161,714.3883539831506,1299.0,663.7034674569588
2050.5489057239056,754.4352947294615,2028.9912440320077,1873.5992039672371,2499.0,1626.680414922864
869.8920145069744,737.133391936949,858.8124285886508,708.191009828184,1099.0,751.3545457772332
1314.1126695526696,745.900089037619,1288.9509004978786,1261.9623598137875,1299.0,1128.5617235851985
1373.4309992785,710.8287648974074,1402.1914050623234,1553.3647646514803,1499.0,1292.2644652917174
544.5930019999496,559.5068066185358,565.8299626347502,549.9210353403713,499.0,591.2435794190674
677.7676541606545,568.5537438491774,683.3220627142136,681.8540178087916,599.0,685.7291661661752
664.9545075757575,724.4573007541608,559.0411381440636,681.7606393040406,699.0,647.4611202936876
1222.2753475228478,744.7292988389709,1134.8806959357455,1237.8707526866492,999.0,1070.517844803097
1125.2489326599332,692.8519649243208,1147.6151594788766,1118.204038606588,1099.0,1021.5125079612123
1051.892982271802,741.5969774023004,1058.370802195442,1111.9891705210025,1199.0,991.313918166464
1278.3644846560846,805.1716416845265,1205.7950226811552,985.1685224554517,1299.0,980.5731089861267
984.7288555555558,693.8517515271706,853.2560495397172,898.0014298691264,899.0,833.5885864685024
1125.2489326599332,692.8519649243208,1147.6151594788766,1118.204038606588,999.0,1021.5125079612123
1093.1960177970172,731.6145794742661,1110.9184529566546,1118.3543284914813,1099.0,1010.291675401226
2356.3824074074064,751.3373749391321,2457.375790832034,2342.2092356192584,2499.0,1965.685776111279
520.0550913598745,543.8964988267016,505.9242859255954,483.2028913914102,499.0,543.3116879648078
598.8040185185185,566.3328846652512,626.2760859689715,626.035213415167,599.0,643.4970712790141
1921.7601861471865,741.6986536480472,1937.1302704108978,1973.670085466304,2599.0,1642.6815522942852
1921.7601861471865,741.6986536480472,1937.1302704108978,1973.670085466304,2799.0,1642.6815522942852
465.8409342031424,556.4129786793383,455.1810337591747,449.68231290159406,529.0,512.8795302675469
465.8409342031424,556.4129786793383,455.1810337591747,449.68231290159406,599.0,512.8795302675469
647.2377622303621,557.6217268342916,659.2787387791103,588.4123575400571,649.0,637.0095439811835
547.7694140211639,567.4659872387965,621.7813147698371,573.6942948575486,729.0,618.9669395520029
166.00492905242908,402.3429863915626,167.23037646128822,169.00278410805774,229.0,300.18100538985743
179.57864117364107,418.6722261528539,162.63067950770437,178.99533538798374,169.0,303.1853908775428
172.62795274170284,431.8526217198814,148.00373055656937,173.5047725755027,189.0,296.25819918212585
106.31210678210682,362.65552718095023,141.4299270050666,146.73014899764922,139.0,282.39520911452684
188.28704665704666,406.20934726519226,169.35168097532528,178.59885730350103,159.0,305.0773181225011
155.04380892255895,407.45445786518576,176.08205444214673,203.6938855438508,169.0,318.2456704818207
192.7562233376645,532.0173848677405,229.22157467045477,256.36106512493205,189.0,357.8824075372913
125.71246007696007,413.2838138022089,154.70353786281515,161.84210155817792,119.0,293.1611673204418
127.45909247234258,348.74797113773593,136.9857396988112,183.79228428929744,139.0,297.4188693694382
226.28400374927205,502.7801286940521,210.49848213600058,215.0731002923532,239.0,333.8640160702106
527.415512527233,693.1322520547801,554.4503468596165,657.2530720332373,1599.0,635.2106707566429
823.1924391534388,568.8676760694907,803.8073682197985,736.7194759573647,999.0,747.052531049748
586.8598684463684,517.325043861194,586.3112416885688,607.98693858255,499.0,623.2227529653655
934.8321899951906,723.2274952895016,1288.0792435986298,1004.5286307460902,1699.0,1014.4443195347235
778.0625698653198,551.0159767890827,987.3702165293398,763.952690889643,1099.0,815.5572241690897
480.523970987346,466.7474211440167,476.6791845010505,485.6470140634646,599.0,535.3972861373288
656.253083044733,730.8699524866133,585.5010105600022,586.1519059738607,1799.0,613.3170614426876
699.5490299422796,558.9236006661959,686.6244019125942,633.9578585276656,1199.0,665.562977674824
482.8094815693566,461.6777564756994,481.81117062396254,460.73338398443406,699.0,525.9578214836033
284.66291582491584,148.19701327099756,234.11759748534354,197.13675309754527,39622.0,333.19656799685737
801.2216565656571,861.4422882012514,730.0856328610108,982.6150312279535,999.0,833.1235229294934
828.919515873016,953.0186387505232,804.8125797178853,828.2301265932056,877.0,787.8320290139031
625.7367989417988,424.608445945496,593.1104083879794,493.04910597460633,399.0,574.4831510219017
698.3345238095235,495.65732043246317,684.721730845119,521.47455034585,479.0,615.2323409601242
929.192691197691,548.6003853919683,944.63575438346,914.7036123704122,799.0,869.0819571683446
847.3753114478113,482.1632186946822,806.348810913015,819.435715408823,899.0,784.4152461825352
534.2615628908129,486.8441277386755,619.8027518283698,677.0489401525066,349.0,664.0666492450373
645.2815079365079,540.6587040856248,715.4894913571526,494.3704392264222,499.0,612.7092813006864
664.5875311040812,586.1497585218967,667.6135372054672,525.7511761390323,699.0,611.8614695370047
372.6472489177491,503.87327183835805,358.9861540153839,369.3290320690653,449.0,447.75558379735065
1025.8107207311202,571.5613879612431,1000.6786198908567,751.0156038840693,699.0,813.9292801007218
820.1694312557909,748.5640131556775,718.8313044637845,831.6016655520544,899.0,762.876668937213
358.0710486411735,483.2341042982298,459.94024273006545,556.0421298658732,449.0,561.3806949473828
850.8592340992343,580.9473571536928,896.4323925977274,808.6508975078928,599.0,807.3539071810794
915.7268080423278,742.401520232499,871.1828365538887,853.309649234487,899.0,819.3377622539906
667.790795898546,567.8249866484621,660.9813651095847,760.6099977841648,499.0,713.6871350414904
590.3923362193365,569.672450547394,547.0599281551309,627.3574120234077,699.0,619.7162343936884
912.7164134391535,698.7793587298402,897.0833024421771,878.6625606984317,999.0,838.5165649298588
734.9314658489658,565.8645045871999,687.5908943279219,572.9921760053136,549.0,638.8983639141559
654.4210603655603,571.9616493606845,674.0725077940408,692.0772887162567,799.0,687.4053675898269
958.9514713434714,736.8824523465628,920.4522824600597,841.505888081794,1099.0,829.2720479386405
1093.0985152340259,802.9052538736833,1017.1526254057547,941.9877747810841,1299.0,903.4532822522353
1912.635557960558,815.9995757258839,2252.1935267607255,2143.971920329057,1799.0,1814.9052575389862
156.55147330447332,457.94057209396124,151.10843062268975,156.2908016390716,129.0,289.60032621838764
507.94226743626757,698.8896229381571,659.5527470115051,540.5678194882147,349.0,615.9347204850435
98.59984752284753,353.7896711691301,104.56865393317213,106.53046531344962,99.0,253.27910346609602
394.268289081289,587.303757569076,412.6809249157269,172.9245750077569,299.0,377.4119202558922
360.66376623376635,565.7521116009375,386.38046385447177,403.1812985150185,499.0,471.1526824012879
222.05332306397293,489.2338050088638,193.13223191488976,208.0089667216206,199.0,325.398353810456
189.55863933566425,486.8106725847556,200.7847220275334,210.89562059268633,229.0,329.02874679075506
132.46320456113938,367.9776150995949,130.4785059634349,125.36200976306368,89.0,269.57673810269023
577.5518618326121,565.5405936509037,558.2217067624626,646.4719286128442,269.0,631.6027500254543
163.69587409812416,459.07348882092265,143.8996942151311,151.67346268930447,179.0,285.3410342114243
1773.9266878306873,768.7749241266156,1739.5433040744126,1634.2103385153425,1799.0,1431.7820231400833
823.2488449975949,564.4523335439571,1244.7020452628847,941.2947900842108,999.0,973.1372363878022
501.421697943723,578.4344991651651,328.94752373727096,344.12919038028014,349.0,427.37164509325004
154.68061507936503,393.40074615868434,156.73953461403354,158.24490953913215,149.0,292.19655871294754
99.48592472342472,433.7158987075127,101.02272749907466,105.63947244303007,99.0,251.79439641985488
1023.4677645576643,730.7054306356913,980.7948747952663,1019.0540559811018,1099.0,926.3525740558855
164.5779105339105,396.5577282808481,162.61297677173513,179.85660762665154,179.0,303.56084088182234
446.8952177248678,569.4493891843267,352.08485199290357,393.0914123103016,329.0,456.14169945044705
454.49590489417983,588.8978967211006,339.7928988148899,305.5971478613035,299.0,413.6668218703221
1038.902923039924,732.7043495629605,1239.5803113068462,1144.9705414224716,1199.0,1061.63686799883
897.4842613696484,684.3536335237004,909.9005894449775,896.0657916867111,899.0,850.1554765252192
360.29796151996146,561.3884287183987,420.81477659506305,341.1422130813151,499.0,454.3075054259271
296.7751099581245,515.0879661320105,296.01378433472865,290.2046174441229,349.0,393.3937923808388
1205.693623881674,697.7454783096982,1146.6637208573336,1606.5708266876038,1099.0,1237.1986128623025
495.40018745791264,571.5645408005239,415.8699425706973,436.7545108578165,269.0,495.07080933231174
218.37947497936938,475.83750807057095,202.17808362938942,212.6813993560868,199.0,330.2470770095933
163.69587409812416,459.07348882092265,143.8996942151311,151.67346268930447,179.0,285.3410342114243
154.68061507936503,393.40074615868434,156.73953461403354,158.24490953913215,149.0,292.19655871294754
98.59984752284753,353.7896711691301,104.56865393317213,106.53046531344962,99.0,253.27910346609602
106.00187950937953,370.4018391253285,115.32007405042577,117.71209166300308,89.0,261.53110265142783
1103.6187433862435,722.7216105154257,1099.8233375000846,1162.128168674263,1099.0,1026.2378519708022
1103.6187433862435,722.7216105154257,1099.8233375000846,1162.128168674263,899.0,1026.2378519708022
377.88426957671936,566.9000710805012,394.72999095842925,352.87011809166614,449.0,451.4708892550932
813.7958232193728,729.748181799805,808.878383773231,780.8562514428872,1049.0,768.1316482351276
377.88426957671936,566.9000710805012,394.72999095842925,352.87011809166614,499.0,451.4708892550932
244.91446986896975,481.1556714239032,284.0640232503217,274.02548777021934,349.0,382.5630725040171
273.80758635731536,478.19035145129783,242.43651893392644,278.3653443337589,349.0,371.6784317221521
699.8485585738333,587.6953043859157,568.9736763900969,681.4657244033849,699.0,650.3857789589956
382.7679227272727,580.7376239697187,359.11242870513985,318.771548854654,329.0,425.4355280302453
254.44614550264538,631.4885263747656,302.08474196613645,463.1979059454015,299.0,471.76688270356027
349.68343145743137,680.56277737446,341.17776796340956,131.87365255405365,399.0,337.2640883324466
207.09353554778556,524.915475571262,193.89824555148263,165.01678133882305,219.0,306.62080146757097
794.6427676767681,851.7922752349841,665.588394454482,755.1204282522582,549.0,712.6764350881188
271.69915776815765,485.03437664241574,277.92767543363874,199.40407246543325,219.0,347.67453599795437
144.51916239291245,393.41224232222703,146.43233882067003,149.74793027362927,179.0,285.26847270095817
300.77728291372364,564.0268551256831,255.9834435535294,270.2941750571142,289.0,372.2757903983471
337.72067979924543,563.5088664833693,321.27688127543445,352.0030680491481,269.0,428.4944816471437
999.1981521164018,719.8142237524353,861.1994937771676,1042.055306472374,379.0,899.7392542183975
549.3960064102565,725.1338354872223,561.1009835771611,633.3615838289903,449.0,626.6903570058821
422.04796500155607,571.2359243387036,419.55302654537593,484.9572628347009,349.0,517.5211877462989
280.7641787795538,560.1343970237124,304.91425970730126,303.792838566674,279.0,402.14078102753956
329.21947044159526,559.9852646581003,307.3829696651067,319.2685044913207,319.0,409.74418221053855
903.8869710197208,719.5083448222958,569.8119756755314,748.1421467719703,399.0,680.1310743095338
999.1981521164018,719.8142237524353,861.1994937771676,1042.055306472374,449.0,899.7392542183975
236.07420011470018,579.7191979370837,264.82454495895547,234.45208815407048,199.0,359.1441106891642
177.89166275391273,393.5174060407221,169.02260478820443,186.60628635553604,159.0,308.5173613025869
279.99854031462365,560.841443108855,259.28524988973146,282.9671486579355,229.0,378.89595589999647
401.84296043771064,732.4242506726132,368.85009212884876,330.9891399782702,349.0,433.8338648069931
401.84296043771064,732.4242506726132,368.85009212884876,330.9891399782702,379.0,433.8338648069931
494.7948323361823,557.7797161399303,388.4695063496997,553.4826380838443,399.0,538.265555164432
299.1619745322904,561.7090776162313,306.13542537791034,299.5849262289571,279.0,400.6554546700588
559.2303873044164,723.5525335748478,506.8841533022247,713.4339695295332,329.0,645.4259330665036
256.3843428007179,561.4437356516485,303.4804299314505,309.5432196165291,199.0,404.2428476115568
154.56865850790854,400.8884215248254,170.9555268401069,166.60364250291585,159.0,300.26578661354966
157.46692303992293,468.05399441776535,159.68052777690423,157.5990296664559,159.0,292.8155209511999
161.91057840307846,408.9662835386771,128.83923258602547,157.4729173670084,179.0,283.27347768560605
367.4892830687831,574.2822256991058,340.06266309914764,412.37050168514816,239.0,460.9699933225739
328.3345128920787,566.4024959326543,390.44673843083245,388.4282699778586,349.0,465.8789182130403
526.50592989418,721.9755541217237,734.8047266860126,464.64020664132283,379.0,605.5022206257253
273.46924573167905,567.6302411439683,565.0041523901069,380.4126372959517,399.0,516.0249917538066
249.15674338624328,533.7411616052304,208.16154945431416,220.04186813667965,179.0,335.3426370878121
195.220736050986,486.5026644506652,191.66750104042015,171.90531626619918,159.0,308.98109545553444
239.56106377696375,587.0323396410931,247.65969042314694,280.2854561955355,199.0,374.1341563038985
154.13651592851593,391.7821499809388,158.31291856214034,186.87440720481908,139.0,305.34181522909734
242.48936002885995,502.3509313912509,375.8121767073973,260.10385285666587,199.0,404.6264802066031
195.220736050986,486.5026644506652,191.66750104042015,171.90531626619918,159.0,308.98109545553444
389.3706642043142,582.2056553047751,343.13079931755294,366.37565458675306,219.0,441.572617509199
259.09362457912454,505.65126344629425,235.77404612015138,231.09242429278387,239.0,348.72285814806156
175.99677789802791,423.59157616713856,152.10224151689283,181.54827667829835,139.0,301.0760487603234
169.06749783549785,435.19199890396885,304.317377874721,224.1786904438103,149.0,366.74807115214116
280.9368468013465,515.2998105478218,194.97835286779645,124.78673889370101,169.0,289.16140858139283
280.9368468013465,515.2998105478218,194.97835286779645,124.78673889370101,179.0,289.16140858139283
117.18687229437232,471.51196587954473,111.55952064488316,91.1207994268206,109.0,248.614499370327
186.74667869167868,494.8765149866813,186.81174378414096,235.73829261280576,139.0,335.71748802698056
170.72234367484353,492.74752271745456,164.9808194697437,166.18749169966708,159.0,298.24402434993476
163.34822098272105,425.2177364613908,180.64585832483027,194.99091334476557,169.0,315.80055737347686
251.60751053391033,512.9623127187351,258.63307228398827,252.7629098867699,189.0,365.33762261918895
125.27015752765753,361.17590926281446,236.28662133177986,97.80280774760422,79.0,289.93358344408574
240.20457539682548,561.381740268931,215.97267694802943,125.60079038923763,199.0,295.9789260315941
218.02898398239182,514.6626289637643,301.1542015375446,181.83818311322432,229.0,347.0501678622191
787.45900998076,599.1552893344142,532.7105502821313,741.1618837821825,249.0,665.6322912567475
164.82575117475122,402.6044280723777,165.6785307306392,186.0158068353023,159.0,307.2276418273714
710.1637764550266,571.3258409769262,688.5939371370058,859.5340332976958,279.0,765.9291627527934
117.18687229437232,471.51196587954473,111.55952064488316,91.1207994268206,99.0,248.614499370327
679.6872270322273,415.3875313155786,598.1320639925922,545.7204532659764,219.0,599.3214747658881
466.6093361619864,582.464073652056,296.57437959153134,431.54373431926143,449.0,456.07302395766504
534.0850381433377,591.8345861250255,432.6117766206082,471.5631022272659,599.0,515.6143150373643
735.9459646464649,750.3011319070301,609.412545074081,630.2487815785056,699.0,640.1735639310568
379.51772005772017,551.7351876194516,402.0941171471771,356.77337706117794,349.0,455.46217684359664
925.2374267399268,512.0133934591449,850.6509731770041,816.845759283871,319.0,796.8964555895986
715.8036868686868,605.6233770293529,509.1215630940014,662.5911096188203,379.0,623.6290204243298
671.3173809523811,517.539994545361,686.7080369130582,572.5986331384487,349.0,638.452768471514
964.0293217893217,601.3044727670931,973.316933010141,936.5445680634355,549.0,887.5629089889728
188.23550427948962,428.2676723149925,249.9235964282979,260.8023479850501,229.0,366.21414986913635
574.267343434343,583.9639893441963,586.5461797365303,553.2001886451831,599.0,599.0657396824547
462.42091834794496,569.2673343710885,474.1853059177784,419.0797315074086,549.0,505.1910288308018
606.3212172919673,582.995708873832,646.3303456563414,586.117617465227,649.0,632.011991245904
644.2147018167018,561.7060129520457,619.6938823911746,631.2378534483793,449.0,643.773346710709
525.2437930495431,499.98511912938557,481.01575341846836,472.7761935095356,379.0,531.039060853956
298.6422829839006,470.7609467208267,297.12774428574886,302.8754843951005,299.0,399.34008099000704
769.4130772005773,579.8438447181452,839.6916448023142,957.0984397389373,319.0,855.5518766140981
204.63307168190144,499.25740868554567,208.38721339980611,206.65917194704772,219.0,329.4935902011674
918.6902831890333,568.33302448687,962.750836345746,849.4318397613497,899.0,845.7876094456644
655.2460859788357,609.1427300365322,691.7821702159602,928.8877427449459,1099.0,797.5812809370439
1276.82624954305,731.2864480802855,1148.924130290071,1474.3513250891888,1299.0,1179.4201980882933
504.2767693121692,578.4750090602774,453.6433349053665,491.3568551719044,549.0,530.8370013202641
613.4682804232807,584.1925233528891,630.0445416714305,604.4547115731576,649.0,635.1122732961742
550.1213576238576,596.989269026366,585.4745722477355,502.42227107104355,449.0,576.2797488039903
511.8203934583933,495.60889121365653,598.2009234242676,437.5864957302083,379.0,551.5207354250952
366.88526389786693,468.2902366196681,359.37884201563486,386.1444410440252,299.0,455.31293244293664
596.1599097883599,601.3836413646441,518.5133413751595,654.5824795282238,499.0,622.9759828244596
204.98745751422067,491.8727553990866,211.2409493443575,210.69521978034695,179.0,332.1562820946563
222.84430021645016,502.4939971588501,295.29233029338724,268.86206106012423,229.0,383.73320335429594
859.3767328042326,581.4936340869845,979.1842136460904,1070.686987876363,899.0,948.6916711499255
824.518187830688,587.1708558319388,977.8271731323229,958.2168058813065,1099.0,898.5346663536832
1657.035877825878,767.6648872844798,1714.6016566821086,1849.3495309622863,1299.0,1519.255050911315
2003.6480142080143,777.7578760032902,2259.2453916963923,2324.050637547976,1799.0,1896.7135683290874
472.7096435283201,564.1255125606986,481.4727224700773,461.9482468817404,549.0,526.3909899326718
642.1722324434824,561.0502438559538,650.608385560025,657.07633535612,699.0,664.7091261047924
998.8706708730153,706.4104336903038,972.1946931941177,926.7303324831436,799.0,882.8774103120477
367.0583975283974,477.57221074580593,349.2388457944596,347.003380498946,299.0,434.8840209355045
365.1034781835812,467.03294717591825,368.98376795865664,389.97587273673895,279.0,459.96168744333494
186.4694671069671,394.03292067426173,173.93389175831388,170.85089170491523,159.0,303.0602154844043
226.7685935545934,526.7623186450874,218.8790832989028,226.21887956943996,199.0,341.37093743686535
831.5429967532469,566.24184119901,859.6839851267783,773.2374745090403,999.0,780.389226593464
1048.449084965405,742.2987853704683,1106.4152102322869,1161.4884043402901,1199.0,1027.9824687437829
1429.327453102453,900.6042736450836,1543.9952512635562,1512.6577829413893,1399.0,1317.878433705302
2019.3947643097642,725.2208648501,1795.065007848585,2084.858033181051,1699.0,1648.1571729981515
492.87770750138407,565.3875900105832,465.884500088823,458.86269487392707,549.0,520.2317353224246
674.9363253968257,697.3448532418188,647.1175730570548,547.8900669578834,799.0,615.3481094303636
443.3896254211836,562.2320177354086,433.76644337407174,454.55316640139137,399.0,508.4468781119845
273.27530687442777,481.9231031032632,290.4613106981748,296.23134912038734,299.0,394.3512477151771
319.04056277857944,516.2842675130196,333.8056683395384,320.48083930605037,249.0,418.4075171893744
159.02882058682056,401.1591397469965,167.23037646128822,169.00278410805774,149.0,300.18100538985743
257.8269936142877,486.66905178690286,218.05984731342969,256.80697749353095,189.0,354.64644888292344
782.1318074462578,568.1567446903864,980.277123151504,774.9130205121575,1099.0,818.2226793815623
1050.6479425892626,740.9894467425322,1115.5139675668945,1165.4823616623435,1299.0,1032.5474111554877
1396.7461669071668,918.4849613531314,1490.6799140555686,1431.6280797602733,1499.0,1265.6443770176918
1881.388576238576,743.9256204384183,1902.6122740074993,2052.8619701734397,1899.0,1667.0867637493552
376.15880144300144,723.0251571242861,351.3963941831612,467.33081921866864,599.0,488.76209695709576
408.5162575757577,738.0462584078632,363.6920818736063,431.59444815356545,699.0,476.7397431610761
450.4866276118722,568.8962123754063,422.1171484784905,461.7265129870994,399.0,508.03613944065603
287.5363547340458,478.6860151351084,269.7351984200003,253.2511852490685,299.0,368.96839065768705
319.04056277857944,516.2842675130196,333.8056683395384,320.48083930605037,249.0,418.4075171893744
160.00092436267434,468.3311329538301,164.65259714445148,162.87105008697947,149.0,296.67638222490325
257.8269936142877,486.66905178690286,218.05984731342969,256.80697749353095,189.0,354.64644888292344
802.475182804233,565.0142409372966,998.2190831170174,720.665398404506,1099.0,799.7504797991526
1050.6479425892626,740.9894467425322,1115.5139675668945,1165.4823616623435,1299.0,1032.5474111554877
1412.0503968253965,911.1776531908727,1467.560873835099,1494.570047982112,1499.0,1286.3692412156147
1805.1445983645988,734.9319374248444,1909.2597701403065,1838.0152018936058,1899.0,1574.11608242151
337.8647135179634,554.028588112852,377.4313518889064,766.8774011502021,199.0,629.2435979057668
358.64916402116387,521.2662332141626,267.2129683298791,1173.9683314007345,159.0,775.3769991426134
211.91647270322278,529.0666614526162,180.6754107703791,1128.4023817486257,229.0,728.6080778655855
282.00544215969205,647.939076443979,179.26723839984425,233.12003162624362,399.0,332.23900530730134
608.2745299977801,754.3196987839019,636.470220286698,757.0565608015202,499.0,704.5764168652806
456.2477516835018,647.9678297972296,400.72081779895365,795.0828535752914,299.0,648.8808280371775
208.50581301106303,545.137156144503,161.16897741616776,1173.9683314007345,189.0,742.759627719706
167.30039706589704,586.2910903102638,120.53701880552222,92.718477300225,149.0,252.08239705246348
359.4427261904759,662.9928189673942,300.56641300280927,427.6343633058718,449.0,455.5719995326122
560.8780446127946,710.5290370415642,624.9574187817618,570.147191720217,649.0,618.3751606718672
483.60628216228235,772.3241980502225,620.3358561775154,540.1164188850032,399.0,603.6726252432138
827.0774801587302,940.9717790713348,698.6336433291806,1067.57709867838,499.0,861.0236332700301
392.0439399951903,677.4418702732037,329.0039077062475,486.299242418322,299.0,490.2632682381296
202.04571849446842,608.386370806933,180.03639843681796,123.65074330722285,189.0,284.06312076293375
887.7662970177969,890.1366521820237,829.1265003816792,890.3037531773832,799.0,822.7624631663309
850.3401803751811,1059.6476339978708,788.0778401166862,952.7755779570264,899.0,837.7645543138058
200.83953174603175,533.8412722666908,180.99582864953078,391.90998790009075,149.0,402.9950742963612
186.61165464165467,523.0626484011191,63.783461275175384,900.584053679679,129.0,591.9020801179345
475.79278294853293,704.8467171636257,482.4983554903027,399.55891855788417,399.0,499.1149637419399
501.6798695286196,740.4263214642015,631.1314467235759,511.4091441112481,649.0,594.2974632803072
810.3141653439152,970.792211740667,735.7460015067727,576.2228737722074,999.0,655.1388420012515
399.8575903679655,643.3279929490564,447.75387866402593,421.90632916292117,399.0,498.3112148928871
648.5514479316978,681.5560228700178,638.1516446950088,509.2952693027526,499.0,595.5219048380611
882.2929379509384,959.0695181246374,822.1297862603813,699.4548580950706,799.0,736.2080368980985
501.6798695286196,740.4263214642015,631.1314467235759,511.4091441112481,649.0,594.2974632803072
401.2341862145263,436.626278573538,423.8537204685837,377.4627883039815,499.0,471.30489989924695
306.76335549078385,267.3412580646691,231.04238905902767,254.5169059250023,199.0,357.62688592880073
313.84618999518995,825.51140391644,269.76766788145443,252.79890584862807,229.0,368.7783585127233
265.87014309764317,219.6284490746657,255.34086199766105,237.20871312743068,149.0,357.446196377286
321.7063492063493,428.04663692578833,362.3727703628973,333.37653405269026,349.0,432.8973660364881
356.6291161087061,413.45612309316857,246.8986461302237,287.5660691417666,249.0,377.11990101536844
190.5324904858758,256.5243296888293,213.1137742890761,200.8194643073744,199.0,328.36480863567294
312.1424018759017,414.65987684808715,270.4584473325368,203.99509869739862,399.0,347.40749303500274
287.4785846560847,415.5801908314752,309.1893576680366,267.01964167700083,279.0,387.19289384083226
201.85106841090374,798.5400251721971,218.36595443763503,217.12031640569262,219.0,337.1892951653192
326.09604713528284,711.0790941379428,328.83652918923326,279.07300972593833,349.0,398.56660366068445
686.1510250481003,716.1269302526816,571.7986552335292,625.9176071067988,499.0,626.6887067958714
317.5898455266954,407.0156646981086,277.3892233100404,235.74743888278135,299.0,363.58166218003157
319.4388770488769,645.9644241771491,342.78392280597683,297.0293759361058,219.0,410.7977396901
212.31793814438382,828.0596710034492,196.90753278869192,246.18387885069126,199.0,343.4423144262573
239.0906554834054,618.1476999747247,194.5746827364496,207.63482116943993,229.0,325.6765629888826
359.40032010582,395.8693208457662,336.27932937121943,357.6250751048811,349.0,435.595301470204
536.4170715343914,555.6852998198628,504.35756778226045,662.5126544504297,499.0,622.128997978497
361.93734533984536,667.2977593921314,437.74104646818324,406.208510437974,279.0,488.28912051974856
359.40032010582,395.86932084576256,336.27932937121943,357.6250751048811,329.0,435.595301470204
214.64863732809772,816.7099862744096,196.64859995165446,253.82625247819718,199.0,346.74248786670216
358.90239765789755,771.1458147334461,361.2332707640344,468.9846234441235,219.0,492.5191468881701
338.31247619047616,386.76203611568053,346.3336833028603,363.75356490042077,349.0,441.398160136932
716.4117222222221,687.5135110861229,672.6142949408354,662.6739947332752,399.0,673.9533266834078
349.82054753888093,707.2275018327923,383.5266528187016,394.69679555902866,449.0,466.52265143552984
678.3868178571428,715.2216703091071,678.8509220601632,558.6404701818542,549.0,629.863094532498
228.5403441768366,712.9979345895863,234.5144473807633,247.32553764372244,149.0,355.51447231974635
351.4896915954416,657.2704463977352,333.88234664536577,347.02394038477684,329.0,430.1697092417094
508.9695525287677,765.9180846475974,725.202687171925,699.1637722077306,399.0,706.2661382097481
377.05033148949803,755.5969339709998,355.53968406318853,452.2876779828362,229.0,483.3837199244677
406.3658576238573,781.5678670353568,339.86044618043115,239.14920160388263,280.0,384.3011927907677
452.2729564694566,735.9052709055777,313.3139600354915,301.7321040288074,300.0,403.81303573819577
1910.6948941798944,848.802166243273,1977.759265490144,1952.2494545540892,1899.0,1645.7051468308975
1978.5013708513704,747.0486952854387,2068.897924394692,1988.0543053037986,1719.0,1689.5724737095748
1788.7309042809034,720.224778445021,1821.5064679637196,1869.580651182211,2259.0,1561.0843488095784
